<?xml version="1.0" encoding="UTF-8" standalone="yes"?>
<addon id="plugin.program.fire" name="[COLOR orangered][B]Fire TV Wizard[/COLOR][/B]" version="[COLOR yellow][B]1.0.8[/COLOR][/B]" provider-name="Fire TV Guru">
  <requires>
    <import addon="xbmc.python" version="2.1.0"/>
  </requires>
  <extension point="xbmc.python.pluginsource" library="default.py">
        <provides>executable</provides>
  </extension>
  <extension point="xbmc.service" library="service.py" start="startup" />
  <extension point="xbmc.addon.metadata">
    <summary lang="en">Fire TV Wizard</summary>
    <description lang="en">In this wizard you will find the latest Fire build....Without work from the Devs this would not of been possible! Thanks Dan Elmore for creating the first kodi Wizard, to TVADDONS.AG, whufclee@ TotalXBMC,GUYS @ TI, MuckyDuck, ][NT3L][G3NC][ for the app installer and all Developers who created add-ons used in my build. Also a very special Thanks to whufclee for the original Community Builds code used in this add-on. Visit https://www.facebook.com/groups/Firetvguru for more info and support.</description>
	<disclaimer lang="en">I do not host nor control the content found within!!!!!</disclaimer>
		<forum>-</forum>
		<source> -</source>
		<website>-</website>
    <platform>all</platform> 
  </extension>
</addon>
