<?xml version="1.0" encoding="UTF-8" standalone="yes"?>
<addon id="plugin.program.ftgmaint" 
	     name="[COLOR blue][B]--[COLOR yellow]FTG Maintenance[COLOR blue]--[/COLOR][/B]" 
	     version="1.0.0" 
	     provider-name="FTG">
  <requires>
  	<import addon="xbmc.python" version="2.1.0"/>
  </requires>
  <extension point="xbmc.python.pluginsource" library="default.py">
        <provides>executable</provides>
  </extension>
  <extension point="xbmc.service" library="service.py" start="startup">
  </extension> 
  <extension point="xbmc.addon.metadata">
    <platform>all</platform>
    <summary lang="en">[COLOR yellow]FTG Maintenance[/COLOR] Does all the Maint needed for a smooth kodi with out all the fluff. Features auto clean = clears cache and packages = at the beginning of each start and choose weekly maintenance for the clearing of cache, packages,thumbnails and logs. </summary>
    <description lang="en">Thanks goes to TDB for the code used that was modified.</description>
    <disclaimer lang="en"></disclaimer>
    <language></language>
    <platform>all</platform>
    <license>GNU GENERAL PUBLIC LICENSE. Version 2, June 1991</license>
    <forum></forum>
    <website></website>
    <email></email>
  </extension>
</addon>