<?xml version="1.0" encoding="UTF-8" standalone="yes"?>
<addon id="plugin.program.fire" name="[COLOR orangered]Fire TV Wizard[/COLOR]" version="[COLOR yellow]1.0.6[/COLOR]" provider-name="Fire TV Guru">
  <requires>
    <import addon="xbmc.python" version="2.1.0"/>
  </requires>
  <extension point="xbmc.python.pluginsource" library="default.py">
        <provides>executable</provides>
  </extension>
  <extension point="xbmc.service" library="service.py" start="startup" />
  <extension point="xbmc.addon.metadata">
    <summary lang="en">Fire TV Wizard</summary>
    <description lang="en">In this wizard you will find the latest Fire build....Without work from the Devs this would not of been possible! Thanks Dan Elmore for creating the Wizard, to TVADDONS.AG, Guys @ Xunity, whufclee@ TotalXBMC, MuckyDuck and all Developers who created add-ons used in my build. Also a very special Thanks to whufclee for the original Community Builds code used in this add-on. Visit https://www.facebook.com/groups/Firetvguru for more info and support.</description>
	<disclaimer lang="en">I do not host nor control the content found within!!!!!</disclaimer>
		<forum> firetvguru@gmail.com</forum>
		<source> firetvguru@gmail.com</source>
		<website>-</website>
    <platform>all</platform> 
  </extension>
</addon>
