<?xml version="1.0" encoding="UTF-8" standalone="yes"?>
<addon provider-name="Fire TV Guru" version="2017" name="" id="plugin.video.resolver">
  <requires>
    <import addon="xbmc.python" version="2.1.0"/>
  </requires>
  <extension point="xbmc.python.pluginsource" library="default.py">
        <provides>Video</provides>
  </extension>
  <extension point="xbmc.addon.metadata">
    <summary lang="en"></summary>
    <description lang="en"></description>
    <platform>all</platform>
  </extension>
</addon>



